feature,coef
transfer_bag_ratio,0.05036842208778825
special_needs_ratio,0.04957933078164777
pax_load_factor,0.03740360210775067
neg_slack_minutes,0.03566415883577835
basic_econ_ratio,0.0
